data,banda
05/06/15,Biliu de Campina
05/06/15,Jairo Madruga
05/06/15,Jorge de Altinho
05/06/15,Os Três do Nordeste
05/06/15,Luan e Forró Estilizado
06/06/15,Erika Marques
06/06/15,Ton Oliveira
06/06/15,Flávio José
06/06/15,Forró da Curtição
07/06/15,CulédeXá
07/06/15,Felipe Lemos
07/06/15,Gabriel Diniz
07/06/15,Banda Palov
09/06/15,Eloisa Olinto
09/06/15,Sandra Belê
09/06/15,Janine e Banda
10/06/15,Forrozão Karkará
10/06/15,Galã do Brega
10/06/15,Ramon Schinayder
11/06/15,Jurandir da Feira
11/06/15,Assisão
11/06/15,Banda Encantus
12/06/15,Geovane Júnior
12/06/15,Os Nonatos
12/06/15,AlexandreTan-Forró dos Namorados
12/06/15,Forró do Bom
13/06/15,Os 3 do nordeste
13/06/15,Capilé
13/06/15,Coronel Grilo
13/06/15,Forró Bakana
13/06/15,João Marcelo e Juliano
14/06/15,Edgley Miguel
14/06/15,Magníficos
14/06/15,Dorgival Dantas
14/06/15,Diogo Cirne
16/06/15,Impacto X
16/06/15,Coco Seco
16/06/15,Forró Instigação
17/06/15,Forró da Galera
17/06/15,Afrodite
17/06/15,Fabiano Guimarães
17/06/15,Aviões do Forró
18/06/15,Cicinho Lima
18/06/15,Raniere Gomes
18/06/15,Bonde do Brasil
18/06/15,Dannys Paraíba
19/06/15,Poeta Francinaldo
19/06/15,Forró do Imperador
19/06/15,Amazan
19/06/15,Nando Cordel
20/06/15,Alceu Valença
20/06/15,Pinto do Acordeon
20/06/15,Genival Lacerda
20/06/15,Eliane
20/06/15,Saia Justa
21/06/15,Forró da Barka
21/06/15,Maciel Melo
21/06/15,Joverlaine e Mania de Sertanejo
21/06/15,Novinho da Paraíba
22/06/15,Tribo Cordel
22/06/15,Beto Brito
22/06/15,Orquestra Sanfônica Balaio Nordeste
22/06/15,Luisinho Cartaxo
23/06/15,Antônio Barros e Cecéu
23/06/15,Tony Dumond
23/06/15,Capilé
23/06/15,Elba Ramalho
24/06/15,Chico Sales
24/06/15,Bibliu de Campina
24/06/15,Zé Ramalho
24/06/15,Mara Pavanelly
25/06/15,Zé Calixto
25/06/15,Banda Magia
25/06/15,Os Gonzagas
25/06/15,Netinho Lima
26/06/15,Lucy Alves
26/06/15,Edmar Miguel
26/06/15,Esporada Ouro
26/06/15,Marcos Freire e Banda
27/06/15,Cezinha
27/06/15,Cavalo de Pau
27/06/15,Shilton Fernandes
27/06/15,João Lima
27/06/15,Renata Arruda
28/06/15,Solteirões do Forró
28/06/15,Niedson Lua
28/06/15,Forró Sacaneado
29/06/15,Gatinha Manhosa
29/06/15,Forrozão das Antigas
29/06/15,Gente Boa
29/06/15,Forró Quente
30/06/15,Padre Fábio de Melo
30/06/15,ProjetoAcreditar-CAE Helena Holanda
01/07/15,Forró da Galera
01/07/15,Matheus Felipe e Forró Ousado
01/07/15,Forró do Eskulaxo
01/07/15,Desejo de Menina
02/07/15,Vatese Viola
02/07/15,Cabruêra
02/07/15,Candeeiro Natural
03/07/15,Inaudete Amorim
03/07/15,Geraldinho Lins
03/07/15,Edra Veras
03/07/15,Coleguinhas
04/07/15,Coroné Grilo
04/07/15,Waldonys
04/07/15,Forró Zueira
04/07/15,Saia Rodada
05/07/15,Garota Safada
05/07/15,Banda Forró do Gordinho
05/07/15,Forró na Manha
05/07/15,Raiane Stthefanny
